--Armario Chafo

insert into armario (id_armario, num_prendas) values (-1, 34);
insert into usuario (id_user, nombre, apellido, genero, correo, nickname, password, ciudad, celular, pregunta, respuesta, armario_id_armario) values (-1, 'Juan Camilo', 'Chafloque Mesia', 'Masculino', 'camilochafloque@gmail.com', 'Chafo', 'Chaflo123', 'Bogotá D.C', '3016581019', '¿Cuál es tu comida favorita?', 'Pizza', -1);

insert into prenda (id_prenda, seccion, tipo, formalidad, abrigo, color, favorito, disponible, descripcion, url, armario_id_armario) values (-1, 'Superior', 'Camiseta', 2, 2, 'Naranja', false, true, 'Camiseta naranja', '../../../assets/images/Chafo-1.jpg', -1);
insert into prenda (id_prenda, seccion, tipo, formalidad, abrigo, color, favorito, disponible, descripcion, url, armario_id_armario) values (-2, 'Superior', 'Camisa', 5, 4, 'Azul', true, true, 'Camisa Azul manga larga', '../../../assets/images/Chafo-2.jpg', -1);
insert into prenda (id_prenda, seccion, tipo, formalidad, abrigo, color, favorito, disponible, descripcion, url, armario_id_armario) values (-3, 'Superior', 'Camisa', 4, 2, 'Verde', false, true, 'Camisa verde manga corta', '../../../assets/images/Chafo-3.jpg', -1);
insert into prenda (id_prenda, seccion, tipo, formalidad, abrigo, color, favorito, disponible, descripcion, url, armario_id_armario) values (-4, 'Superior', 'Camiseta', 2, 2, 'Azul', false, true, 'Camiseta azul', '../../../assets/images/Chafo-4.jpg', -1);
insert into prenda (id_prenda, seccion, tipo, formalidad, abrigo, color, favorito, disponible, descripcion, url, armario_id_armario) values (-5, 'Superior', 'Camisa', 3, 2, 'Amarillo', true, true, 'Camisa amarilla manga corta', '../../../assets/images/Chafo-5.jpg', -1);
insert into prenda (id_prenda, seccion, tipo, formalidad, abrigo, color, favorito, disponible, descripcion, url, armario_id_armario) values (-6, 'Superior', 'Camiseta', 2, 2, 'Rojo', false, true, 'Camiseta roja', '../../../assets/images/Chafo-6.jpg', -1);
insert into prenda (id_prenda, seccion, tipo, formalidad, abrigo, color, favorito, disponible, descripcion, url, armario_id_armario) values (-7, 'Superior', 'Chaqueta', 2, 5, 'Naranja', true, true, 'Hoodie naranja', '../../../assets/images/Chafo-7.jpg', -1);
insert into prenda (id_prenda, seccion, tipo, formalidad, abrigo, color, favorito, disponible, descripcion, url, armario_id_armario) values (-8, 'Superior', 'Chaqueta', 3, 5, 'Gris', true, true, 'Chaqueta gris', '../../../assets/images/Chafo-8.jpg', -1);
insert into prenda (id_prenda, seccion, tipo, formalidad, abrigo, color, favorito, disponible, descripcion, url, armario_id_armario) values (-9, 'Inferior', 'Jeans', 3, 3, 'Azul', true, true, 'Jeans azules', '../../../assets/images/Chafo-9.jpg', -1);
insert into prenda (id_prenda, seccion, tipo, formalidad, abrigo, color, favorito, disponible, descripcion, url, armario_id_armario) values (-10, 'Inferior', 'Jeans', 3, 3, 'Gris', false, true, 'Jeans grises', '../../../assets/images/Chafo-10.jpg', -1);
insert into prenda (id_prenda, seccion, tipo, formalidad, abrigo, color, favorito, disponible, descripcion, url, armario_id_armario) values (-11, 'Inferior', 'Shorts', 1, 1, 'Beige', false, true, 'Shorts beige', '../../../assets/images/Chafo-11.jpg', -1);
insert into prenda (id_prenda, seccion, tipo, formalidad, abrigo, color, favorito, disponible, descripcion, url, armario_id_armario) values (-12, 'Inferior', 'Sudadera', 2, 3, 'Naranja', true, true, 'Pantalon sudadera naranja', '../../../assets/images/Chafo-12.jpg', -1);
insert into prenda (id_prenda, seccion, tipo, formalidad, abrigo, color, favorito, disponible, descripcion, url, armario_id_armario) values (-13, 'Zapato', 'Zapatos', 5, 4, 'Gris', true, true, 'Zapatos grises', '../../../assets/images/Chafo-13.jpg', -1);
insert into prenda (id_prenda, seccion, tipo, formalidad, abrigo, color, favorito, disponible, descripcion, url, armario_id_armario) values (-14, 'Zapato', 'Tenis', 2, 3, 'Gris', false, true, 'Tenis grises', '../../../assets/images/Chafo-14.jpg', -1);
insert into prenda (id_prenda, seccion, tipo, formalidad, abrigo, color, favorito, disponible, descripcion, url, armario_id_armario) values (-15, 'Accesorio', 'Guantes', 2, 5, 'Marrón', false, true, 'Guantes marrones', '../../../assets/images/Chafo-15.jpg', -1);
insert into prenda (id_prenda, seccion, tipo, formalidad, abrigo, color, favorito, disponible, descripcion, url, armario_id_armario) values (-16, 'Accesorio', 'Bufanda', 3, 5, 'Gris', true, true, 'Bufanda gris', '../../../assets/images/Chafo-16.jpg', -1);
insert into prenda (id_prenda, seccion, tipo, formalidad, abrigo, color, favorito, disponible, descripcion, url, armario_id_armario) values (-17, 'Inferior', 'Jeans', 3, 3, 'Beige', true, true, 'Jeans beige', '../../../assets/images/Chafo-17.jpg', -1);
insert into prenda (id_prenda, seccion, tipo, formalidad, abrigo, color, favorito, disponible, descripcion, url, armario_id_armario) values (-18, 'Inferior', 'Sudadera', 2, 3, 'Gris', true, true, 'Pantalon sudadera gris', '../../../assets/images/Chafo-18.jpg', -1);
insert into prenda (id_prenda, seccion, tipo, formalidad, abrigo, color, favorito, disponible, descripcion, url, armario_id_armario) values (-19, 'Inferior', 'Sudadera', 2, 3, 'Azul', false, true, 'Pantalon sudadera azul', '../../../assets/images/Chafo-19.jpg', -1);
insert into prenda (id_prenda, seccion, tipo, formalidad, abrigo, color, favorito, disponible, descripcion, url, armario_id_armario) values (-20, 'Inferior', 'Shorts', 1, 1, 'Azul', false, true, 'Jeans shorts', '../../../assets/images/Chafo-20.jpg', -1);
insert into prenda (id_prenda, seccion, tipo, formalidad, abrigo, color, favorito, disponible, descripcion, url, armario_id_armario) values (-21, 'Accesorio', 'Cachucha', 2, 3, 'Negro', false, true, 'Cachucha negra', '../../../assets/images/Chafo-21.jpg', -1);
insert into prenda (id_prenda, seccion, tipo, formalidad, abrigo, color, favorito, disponible, descripcion, url, armario_id_armario) values (-22, 'Accesorio', 'Cachucha', 2, 3, 'Azul', true, true, 'Cachucha azul', '../../../assets/images/Chafo-22.jpg', -1);
insert into prenda (id_prenda, seccion, tipo, formalidad, abrigo, color, favorito, disponible, descripcion, url, armario_id_armario) values (-23, 'Accesorio', 'Beanie', 2, 4, 'Gris', true, true, 'Beanie gris', '../../../assets/images/Chafo-23.jpg', -1);
insert into prenda (id_prenda, seccion, tipo, formalidad, abrigo, color, favorito, disponible, descripcion, url, armario_id_armario) values (-24, 'Accesorio', 'Beanie', 2, 4, 'Negro', false, true, 'Beanie negro', '../../../assets/images/Chafo-24.jpg', -1);
insert into prenda (id_prenda, seccion, tipo, formalidad, abrigo, color, favorito, disponible, descripcion, url, armario_id_armario) values (-25, 'Zapato', 'Tenis', 2, 2, 'Blanco', true, true, 'Tenis blancos', '../../../assets/images/Chafo-25.jpg', -1);
insert into prenda (id_prenda, seccion, tipo, formalidad, abrigo, color, favorito, disponible, descripcion, url, armario_id_armario) values (-26, 'Zapato', 'Zapatillas', 2, 2, 'Rojo', false, true, 'Zapatillas rojas', '../../../assets/images/Chafo-26.jpg', -1);
insert into prenda (id_prenda, seccion, tipo, formalidad, abrigo, color, favorito, disponible, descripcion, url, armario_id_armario) values (-27, 'Zapato', 'Zaptatos', 3, 2, 'Azul', true, true, 'Zapatos azules', '../../../assets/images/Chafo-27.jpg', -1);
insert into prenda (id_prenda, seccion, tipo, formalidad, abrigo, color, favorito, disponible, descripcion, url, armario_id_armario) values (-28, 'Zapato', 'Tenis', 2, 2, 'Negro', true, true, 'Tenis negros', '../../../assets/images/Chafo-28.jpg', -1);
insert into prenda (id_prenda, seccion, tipo, formalidad, abrigo, color, favorito, disponible, descripcion, url, armario_id_armario) values (-29, 'Accesorio', 'Cachucha', 2, 3, 'Blanco', false, true, 'Cachucha blanca', '../../../assets/images/Chafo-29.jpg', -1);
insert into prenda (id_prenda, seccion, tipo, formalidad, abrigo, color, favorito, disponible, descripcion, url, armario_id_armario) values (-30, 'Zapato', 'Zapatillas', 2, 2, 'Azul', false, true, 'Zapatillas azules', '../../../assets/images/Chafo-30.jpg', -1);
insert into prenda (id_prenda, seccion, tipo, formalidad, abrigo, color, favorito, disponible, descripcion, url, armario_id_armario) values (-31, 'Inferior', 'Jeans', 2, 3, 'Negro', false, true, 'Jeans negros', '../../../assets/images/Chafo-31.jpg', -1);
insert into prenda (id_prenda, seccion, tipo, formalidad, abrigo, color, favorito, disponible, descripcion, url, armario_id_armario) values (-32, 'Inferior', 'Sudadera', 2, 3, 'Negro', false, true, 'Sudadera negra', '../../../assets/images/Chafo-32.jpg', -1);
insert into prenda (id_prenda, seccion, tipo, formalidad, abrigo, color, favorito, disponible, descripcion, url, armario_id_armario) values (-33, 'Superior', 'Camisa', 4, 2, 'Blanco', false, true, 'Camisa blanca manga corta', '../../../assets/images/Chafo-33.jpg', -1);
insert into prenda (id_prenda, seccion, tipo, formalidad, abrigo, color, favorito, disponible, descripcion, url, armario_id_armario) values (-34, 'Superior', 'Chaqueta', 2, 5, 'Negro', true, true, 'Hoodie negro', '../../../assets/images/Chafo-34.jpg', -1);

insert into superior (id_prenda, cuello, manga) values (-1, 'Redondo', 'Manga corta');
insert into superior (id_prenda, cuello, manga) values (-2, 'Cuello', 'Manga larga');
insert into superior (id_prenda, cuello, manga) values (-3, 'Cuello', 'Manga corta');
insert into superior (id_prenda, cuello, manga) values (-4, 'Redondo', 'Manga corta');
insert into superior (id_prenda, cuello, manga) values (-5, 'Cuello', 'Manga corta');
insert into superior (id_prenda, cuello, manga) values (-6, 'Redondo', 'Manga corta');
insert into superior (id_prenda, cuello, manga) values (-7, 'Redondo', 'Manga larga');
insert into superior (id_prenda, cuello, manga) values (-8, 'Redondo', 'Manga larga');
insert into inferior (id_prenda, bota) values (-9, 'Entubado');
insert into inferior (id_prenda, bota) values (-10, 'Entubado');
insert into inferior (id_prenda, bota) values (-11, 'Entubado');
insert into inferior (id_prenda, bota) values (-12, 'Entubado');
insert into zapato (id_prenda, forma) values (-13, 'Punta');
insert into zapato (id_prenda, forma) values (-14, 'Redonda');
insert into accesorio (id_prenda, lugar) values (-15, 'Manos');
insert into accesorio (id_prenda, lugar) values (-16, 'Cuello');
insert into inferior (id_prenda, bota) values (-17, 'Entubado');
insert into inferior (id_prenda, bota) values (-18, 'Entubado');
insert into inferior (id_prenda, bota) values (-19, 'Entubado');
insert into inferior (id_prenda, bota) values (-20, 'Entubado');
insert into accesorio (id_prenda, lugar) values (-21, 'Cabeza');
insert into accesorio (id_prenda, lugar) values (-22, 'Cabeza');
insert into accesorio (id_prenda, lugar) values (-23, 'Cabeza');
insert into accesorio (id_prenda, lugar) values (-24, 'Cabeza');
insert into zapato (id_prenda, forma) values (-25, 'Redonda');
insert into zapato (id_prenda, forma) values (-26, 'Redonda');
insert into zapato (id_prenda, forma) values (-27, 'Redonda');
insert into zapato (id_prenda, forma) values (-28, 'Redonda');
insert into accesorio (id_prenda, lugar) values (-29, 'Cabeza');
insert into zapato (id_prenda, forma) values (-30, 'Redonda');
insert into inferior (id_prenda, bota) values (-31, 'Entubado');
insert into inferior (id_prenda, bota) values (-32, 'Entubado');
insert into superior (id_prenda, cuello, manga) values (-33, 'Cuello', 'Manga corta');
insert into superior (id_prenda, cuello, manga) values (-34, 'Redondo', 'Manga larga');

insert into atuendo (id_atuendo, favorito, armario_id_armario) values (-1, false, -1);
insert into atuendo (id_atuendo, favorito, armario_id_armario) values (-2, true, -1);
insert into atuendo (id_atuendo, favorito, armario_id_armario) values (-3, true, -1);
insert into atuendo (id_atuendo, favorito, armario_id_armario) values (-4, true, -1);
insert into atuendo (id_atuendo, favorito, armario_id_armario) values (-5, false, -1);
insert into atuendo (id_atuendo, favorito, armario_id_armario) values (-6, false, -1);
insert into atuendo (id_atuendo, favorito, armario_id_armario) values (-7, true, -1);
insert into atuendo (id_atuendo, favorito, armario_id_armario) values (-8, false, -1);
insert into atuendo (id_atuendo, favorito, armario_id_armario) values (-9, true, -1);
insert into atuendo (id_atuendo, favorito, armario_id_armario) values (-10, true, -1);
insert into atuendo (id_atuendo, favorito, armario_id_armario) values (-11, true, -1);

insert into atuendoxprenda (id_atuendo_id_atuendo, id_prenda_id_prenda) values (-1, -1);
insert into atuendoxprenda (id_atuendo_id_atuendo, id_prenda_id_prenda) values (-1, -9);
insert into atuendoxprenda (id_atuendo_id_atuendo, id_prenda_id_prenda) values (-1, -26);
insert into atuendoxprenda (id_atuendo_id_atuendo, id_prenda_id_prenda) values (-1, -29);
insert into atuendoxprenda (id_atuendo_id_atuendo, id_prenda_id_prenda) values (-2, -6);
insert into atuendoxprenda (id_atuendo_id_atuendo, id_prenda_id_prenda) values (-2, -31);
insert into atuendoxprenda (id_atuendo_id_atuendo, id_prenda_id_prenda) values (-2, -30);
insert into atuendoxprenda (id_atuendo_id_atuendo, id_prenda_id_prenda) values (-2, -23);
insert into atuendoxprenda (id_atuendo_id_atuendo, id_prenda_id_prenda) values (-3, -33);
insert into atuendoxprenda (id_atuendo_id_atuendo, id_prenda_id_prenda) values (-3, -25);
insert into atuendoxprenda (id_atuendo_id_atuendo, id_prenda_id_prenda) values (-3, -24);
insert into atuendoxprenda (id_atuendo_id_atuendo, id_prenda_id_prenda) values (-3, -10);
insert into atuendoxprenda (id_atuendo_id_atuendo, id_prenda_id_prenda) values (-4, -34);
insert into atuendoxprenda (id_atuendo_id_atuendo, id_prenda_id_prenda) values (-4, -32);
insert into atuendoxprenda (id_atuendo_id_atuendo, id_prenda_id_prenda) values (-4, -28);
insert into atuendoxprenda (id_atuendo_id_atuendo, id_prenda_id_prenda) values (-4, -21);
insert into atuendoxprenda (id_atuendo_id_atuendo, id_prenda_id_prenda) values (-4, -6);
insert into atuendoxprenda (id_atuendo_id_atuendo, id_prenda_id_prenda) values (-5, -17);
insert into atuendoxprenda (id_atuendo_id_atuendo, id_prenda_id_prenda) values (-5, -13);
insert into atuendoxprenda (id_atuendo_id_atuendo, id_prenda_id_prenda) values (-5, -2);
insert into atuendoxprenda (id_atuendo_id_atuendo, id_prenda_id_prenda) values (-6, -30);
insert into atuendoxprenda (id_atuendo_id_atuendo, id_prenda_id_prenda) values (-6, -29);
insert into atuendoxprenda (id_atuendo_id_atuendo, id_prenda_id_prenda) values (-6, -9);
insert into atuendoxprenda (id_atuendo_id_atuendo, id_prenda_id_prenda) values (-6, -1);
insert into atuendoxprenda (id_atuendo_id_atuendo, id_prenda_id_prenda) values (-7, -24);
insert into atuendoxprenda (id_atuendo_id_atuendo, id_prenda_id_prenda) values (-7, -20);
insert into atuendoxprenda (id_atuendo_id_atuendo, id_prenda_id_prenda) values (-7, -14);
insert into atuendoxprenda (id_atuendo_id_atuendo, id_prenda_id_prenda) values (-7, -3);
insert into atuendoxprenda (id_atuendo_id_atuendo, id_prenda_id_prenda) values (-8, -25);
insert into atuendoxprenda (id_atuendo_id_atuendo, id_prenda_id_prenda) values (-8, -23);
insert into atuendoxprenda (id_atuendo_id_atuendo, id_prenda_id_prenda) values (-8, -9);
insert into atuendoxprenda (id_atuendo_id_atuendo, id_prenda_id_prenda) values (-8, -8);
insert into atuendoxprenda (id_atuendo_id_atuendo, id_prenda_id_prenda) values (-8, -4);
insert into atuendoxprenda (id_atuendo_id_atuendo, id_prenda_id_prenda) values (-9, -25);
insert into atuendoxprenda (id_atuendo_id_atuendo, id_prenda_id_prenda) values (-9, -24);
insert into atuendoxprenda (id_atuendo_id_atuendo, id_prenda_id_prenda) values (-9, -7);
insert into atuendoxprenda (id_atuendo_id_atuendo, id_prenda_id_prenda) values (-9, -19);
insert into atuendoxprenda (id_atuendo_id_atuendo, id_prenda_id_prenda) values (-9, -6);
insert into atuendoxprenda (id_atuendo_id_atuendo, id_prenda_id_prenda) values (-10, -27);
insert into atuendoxprenda (id_atuendo_id_atuendo, id_prenda_id_prenda) values (-10, -22);
insert into atuendoxprenda (id_atuendo_id_atuendo, id_prenda_id_prenda) values (-10, -9);
insert into atuendoxprenda (id_atuendo_id_atuendo, id_prenda_id_prenda) values (-10, -4);
insert into atuendoxprenda (id_atuendo_id_atuendo, id_prenda_id_prenda) values (-11, -34);
insert into atuendoxprenda (id_atuendo_id_atuendo, id_prenda_id_prenda) values (-11, -32);
insert into atuendoxprenda (id_atuendo_id_atuendo, id_prenda_id_prenda) values (-11, -28);
insert into atuendoxprenda (id_atuendo_id_atuendo, id_prenda_id_prenda) values (-11, -23);
insert into atuendoxprenda (id_atuendo_id_atuendo, id_prenda_id_prenda) values (-11, -16);

insert into calendario (id_calendario, fecha, armario_id_armario, atuendo_id_atuendo) values (-1, to_date('08/05/2020','dd/mm/yyyy'),-1, -1);
insert into calendario (id_calendario, fecha, armario_id_armario, atuendo_id_atuendo) values (-2, to_date('12/05/2020','dd/mm/yyyy'),-1, -1);
insert into calendario (id_calendario, fecha, armario_id_armario, atuendo_id_atuendo) values (-3, to_date('14/05/2020','dd/mm/yyyy'),-1, -2);
insert into calendario (id_calendario, fecha, armario_id_armario, atuendo_id_atuendo) values (-4, to_date('17/05/2020','dd/mm/yyyy'),-1, -3);
insert into calendario (id_calendario, fecha, armario_id_armario, atuendo_id_atuendo) values (-5, to_date('03/05/2020','dd/mm/yyyy'),-1, -3);
insert into calendario (id_calendario, fecha, armario_id_armario, atuendo_id_atuendo) values (-6, to_date('10/05/2020','dd/mm/yyyy'),-1, -4);
insert into calendario (id_calendario, fecha, armario_id_armario, atuendo_id_atuendo) values (-7, to_date('06/05/2020','dd/mm/yyyy'),-1, -5);
insert into calendario (id_calendario, fecha, armario_id_armario, atuendo_id_atuendo) values (-8, to_date('02/05/2020','dd/mm/yyyy'),-1, -6);
insert into calendario (id_calendario, fecha, armario_id_armario, atuendo_id_atuendo) values (-9, to_date('05/05/2020','dd/mm/yyyy'),-1, -6);
insert into calendario (id_calendario, fecha, armario_id_armario, atuendo_id_atuendo) values (-10, to_date('15/05/2020','dd/mm/yyyy'),-1, -7);
insert into calendario (id_calendario, fecha, armario_id_armario, atuendo_id_atuendo) values (-11, to_date('11/05/2020','dd/mm/yyyy'),-1, -7);
insert into calendario (id_calendario, fecha, armario_id_armario, atuendo_id_atuendo) values (-12, to_date('09/05/2020','dd/mm/yyyy'),-1, -8);
insert into calendario (id_calendario, fecha, armario_id_armario, atuendo_id_atuendo) values (-13, to_date('13/05/2020','dd/mm/yyyy'),-1, -9);
insert into calendario (id_calendario, fecha, armario_id_armario, atuendo_id_atuendo) values (-14, to_date('01/05/2020','dd/mm/yyyy'),-1, -10);
insert into calendario (id_calendario, fecha, armario_id_armario, atuendo_id_atuendo) values (-15, to_date('04/05/2020','dd/mm/yyyy'),-1, -10);
insert into calendario (id_calendario, fecha, armario_id_armario, atuendo_id_atuendo) values (-16, to_date('07/05/2020','dd/mm/yyyy'),-1, -11);


--Armario Anabel

insert into armario (id_armario, num_prendas) values (-2, 94);
insert into usuario (id_user, nombre, apellido, genero, correo, nickname, password, ciudad, celular, pregunta, respuesta, armario_id_armario) values (-2, 'Anabel', 'Montero Posada', 'Femenino', 'anabel@gmail.com', 'Anabel', 'anabel123', 'Bogotá D.C', '3158281218', '¿Cuál es tu comida favorita?', 'Pizza', -2);

insert into prenda (id_prenda, seccion, tipo, formalidad, abrigo, color, favorito, disponible, descripcion, url, armario_id_armario) values (-35, 'Inferior', 'Falda', 3, 2, 'Negro', true, true, 'Falda negra', '../../../assets/images/Anabel-1.jpeg', -2);
insert into prenda (id_prenda, seccion, tipo, formalidad, abrigo, color, favorito, disponible, descripcion, url, armario_id_armario) values (-36, 'Superior', 'Saco', 2, 4, 'Gris claro', false, true, 'Saco gris claro', '../../../assets/images/Anabel-2.jpeg', -2);
insert into prenda (id_prenda, seccion, tipo, formalidad, abrigo, color, favorito, disponible, descripcion, url, armario_id_armario) values (-37, 'Inferior', 'Pantalon', 3, 3, 'Blanco', false, true, 'Pantalon blanco', '../../../assets/images/Anabel-3.jpeg', -2);
insert into prenda (id_prenda, seccion, tipo, formalidad, abrigo, color, favorito, disponible, descripcion, url, armario_id_armario) values (-38, 'Inferior', 'Pantalon', 3, 3, 'Morado', true, true, 'Pantalon morado', '../../../assets/images/Anabel-4.jpeg', -2);
insert into prenda (id_prenda, seccion, tipo, formalidad, abrigo, color, favorito, disponible, descripcion, url, armario_id_armario) values (-39, 'Inferior', 'Pantalon', 3, 3, 'Verde', true, true, 'Pantalon verde', '../../../assets/images/Anabel-5.jpeg', -2);
insert into prenda (id_prenda, seccion, tipo, formalidad, abrigo, color, favorito, disponible, descripcion, url, armario_id_armario) values (-40, 'Inferior', 'Jeans', 2, 3, 'Azul', false, true, 'Jeans azul', '../../../assets/images/Anabel-6.jpeg', -2);
insert into prenda (id_prenda, seccion, tipo, formalidad, abrigo, color, favorito, disponible, descripcion, url, armario_id_armario) values (-41, 'Inferior', 'Falda', 3, 2, 'Rojo', true, true, 'Falda roja', '../../../assets/images/Anabel-7.jpeg', -2);
insert into prenda (id_prenda, seccion, tipo, formalidad, abrigo, color, favorito, disponible, descripcion, url, armario_id_armario) values (-42, 'Inferior', 'Falda', 2, 2, 'Azul', true, true, 'Falda azul', '../../../assets/images/Anabel-8.jpeg', -2);
insert into prenda (id_prenda, seccion, tipo, formalidad, abrigo, color, favorito, disponible, descripcion, url, armario_id_armario) values (-43, 'Vestido', 'Overol', 2, 3, 'Azul', true, true, 'Overol azul', '../../../assets/images/Anabel-9.jpeg', -2);
insert into prenda (id_prenda, seccion, tipo, formalidad, abrigo, color, favorito, disponible, descripcion, url, armario_id_armario) values (-44, 'Inferior', 'Jeans', 2, 3, 'Azul', false, true, 'Jeans azul', '../../../assets/images/Anabel-10.jpeg', -2);
insert into prenda (id_prenda, seccion, tipo, formalidad, abrigo, color, favorito, disponible, descripcion, url, armario_id_armario) values (-45, 'Inferior', 'Pantalon', 3, 3, 'Negro', true, true, 'Pantalon negro', '../../../assets/images/Anabel-11.jpeg', -2);
insert into prenda (id_prenda, seccion, tipo, formalidad, abrigo, color, favorito, disponible, descripcion, url, armario_id_armario) values (-46, 'Inferior', 'Shorts', 2, 2, 'Negro', false, true, 'Shorts negro', '../../../assets/images/Anabel-12.jpeg', -2);
insert into prenda (id_prenda, seccion, tipo, formalidad, abrigo, color, favorito, disponible, descripcion, url, armario_id_armario) values (-47, 'Accesorio', 'Bufanda', 3, 4, 'Blanco', true, true, 'Bufanda negra y blanca', '../../../assets/images/Anabel-13.jpeg', -2);
insert into prenda (id_prenda, seccion, tipo, formalidad, abrigo, color, favorito, disponible, descripcion, url, armario_id_armario) values (-48, 'Inferior', 'Falda', 2, 2, 'Azul', false, true, 'Falda azul', '../../../assets/images/Anabel-14.jpeg', -2);
insert into prenda (id_prenda, seccion, tipo, formalidad, abrigo, color, favorito, disponible, descripcion, url, armario_id_armario) values (-50, 'Superior', 'Saco', 3, 4, 'Gris', true, true, 'Blusa gris', '../../../assets/images/Anabel-16.jpeg', -2);
insert into prenda (id_prenda, seccion, tipo, formalidad, abrigo, color, favorito, disponible, descripcion, url, armario_id_armario) values (-51, 'Superior', 'Top', 2, 2, 'Negro', false, true, 'Top negro', '../../../assets/images/Anabel-17.jpeg', -2);
insert into prenda (id_prenda, seccion, tipo, formalidad, abrigo, color, favorito, disponible, descripcion, url, armario_id_armario) values (-52, 'Inferior', 'Falda', 2, 2, 'Negro', true, true, 'Falda negra', '../../../assets/images/Anabel-18.jpeg', -2);
insert into prenda (id_prenda, seccion, tipo, formalidad, abrigo, color, favorito, disponible, descripcion, url, armario_id_armario) values (-53, 'Vestido', 'Vestido', 4, 3, 'Negro', false, true, 'Vestido negro', '../../../assets/images/Anabel-19.jpeg', -2);
insert into prenda (id_prenda, seccion, tipo, formalidad, abrigo, color, favorito, disponible, descripcion, url, armario_id_armario) values (-54, 'Zapato', 'Botines', 4, 3, 'Gris claro', false, true, 'Botines gris claro', '../../../assets/images/Anabel-20.jpeg', -2);
insert into prenda (id_prenda, seccion, tipo, formalidad, abrigo, color, favorito, disponible, descripcion, url, armario_id_armario) values (-55, 'Zapato', 'Botines', 4, 3, 'Blanco', true, true, 'Botines blanco', '../../../assets/images/Anabel-21.jpeg', -2);
insert into prenda (id_prenda, seccion, tipo, formalidad, abrigo, color, favorito, disponible, descripcion, url, armario_id_armario) values (-56, 'Inferior', 'Falda', 2, 2, 'Negro', true, true, 'Falda negra', '../../../assets/images/Anabel-22.jpeg', -2);
insert into prenda (id_prenda, seccion, tipo, formalidad, abrigo, color, favorito, disponible, descripcion, url, armario_id_armario) values (-57, 'Vestido', 'Vestido', 4, 4, 'Negro', false, true, 'Vestido negro', '../../../assets/images/Anabel-23.jpeg', -2);
insert into prenda (id_prenda, seccion, tipo, formalidad, abrigo, color, favorito, disponible, descripcion, url, armario_id_armario) values (-58, 'Vestido', 'Vestido', 4, 3, 'Salmon', true, true, 'Vestido salmon', '../../../assets/images/Anabel-24.jpeg', -2);
insert into prenda (id_prenda, seccion, tipo, formalidad, abrigo, color, favorito, disponible, descripcion, url, armario_id_armario) values (-59, 'Superior', 'Top', 2, 2, 'Azul claro', false, true, 'Top azul claro', '../../../assets/images/Anabel-25.jpeg', -2);
insert into prenda (id_prenda, seccion, tipo, formalidad, abrigo, color, favorito, disponible, descripcion, url, armario_id_armario) values (-60, 'Superior', 'Top', 2, 2, 'Rojo', false, true, 'Top rojo', '../../../assets/images/Anabel-26.jpeg', -2);
insert into prenda (id_prenda, seccion, tipo, formalidad, abrigo, color, favorito, disponible, descripcion, url, armario_id_armario) values (-61, 'Inferior', 'Shorts', 1, 2, 'Negro', true, true, 'Shorts negro', '../../../assets/images/Anabel-27.jpeg', -2);
insert into prenda (id_prenda, seccion, tipo, formalidad, abrigo, color, favorito, disponible, descripcion, url, armario_id_armario) values (-62, 'Zapato', 'Zapato', 4, 3, 'Salmon', true, true, 'Tacones salmon', '../../../assets/images/Anabel-28.jpeg', -2);
insert into prenda (id_prenda, seccion, tipo, formalidad, abrigo, color, favorito, disponible, descripcion, url, armario_id_armario) values (-63, 'Zapato', 'Botines', 3, 3, 'Marrón', true, true, 'Botines marrón', '../../../assets/images/Anabel-29.jpeg', -2);
insert into prenda (id_prenda, seccion, tipo, formalidad, abrigo, color, favorito, disponible, descripcion, url, armario_id_armario) values (-64, 'Zapato', 'Tenis', 2, 3, 'Negro', false, true, 'Tenis negros', '../../../assets/images/Anabel-30.jpeg', -2);
insert into prenda (id_prenda, seccion, tipo, formalidad, abrigo, color, favorito, disponible, descripcion, url, armario_id_armario) values (-65, 'Zapato', 'Botines', 4, 3, 'Negro', true, true, 'Botines negros', '../../../assets/images/Anabel-31.jpeg', -2);
insert into prenda (id_prenda, seccion, tipo, formalidad, abrigo, color, favorito, disponible, descripcion, url, armario_id_armario) values (-66, 'Zapato', 'Botas', 4, 4, 'Negro', true, true, 'Botas negras', '../../../assets/images/Anabel-32.jpeg', -2);
insert into prenda (id_prenda, seccion, tipo, formalidad, abrigo, color, favorito, disponible, descripcion, url, armario_id_armario) values (-67, 'Zapato', 'Botines', 4, 3, 'Salmon', false, true, 'Botines salmon', '../../../assets/images/Anabel-33.jpeg', -2);
insert into prenda (id_prenda, seccion, tipo, formalidad, abrigo, color, favorito, disponible, descripcion, url, armario_id_armario) values (-68, 'Zapato', 'Zapato', 4, 3, 'Marrón', true, true, 'Zapatos marrón', '../../../assets/images/Anabel-34.jpeg', -2);
insert into prenda (id_prenda, seccion, tipo, formalidad, abrigo, color, favorito, disponible, descripcion, url, armario_id_armario) values (-69, 'Zapato', 'Botas', 4, 3, 'Marrón', false, true, 'Botas marrones', '../../../assets/images/Anabel-35.jpeg', -2);
insert into prenda (id_prenda, seccion, tipo, formalidad, abrigo, color, favorito, disponible, descripcion, url, armario_id_armario) values (-70, 'Zapato', 'Botas', 4, 4, 'Negro', true, true, 'Botas negras', '../../../assets/images/Anabel-36.jpeg', -2);
insert into prenda (id_prenda, seccion, tipo, formalidad, abrigo, color, favorito, disponible, descripcion, url, armario_id_armario) values (-71, 'Zapato', 'Zapato', 3, 2, 'Salmon', false, true, 'Zapatos salmon', '../../../assets/images/Anabel-37.jpeg', -2);
insert into prenda (id_prenda, seccion, tipo, formalidad, abrigo, color, favorito, disponible, descripcion, url, armario_id_armario) values (-72, 'Zapato', 'Zapato', 3, 2, 'Salmon', true, true, 'Zapaton salmon', '../../../assets/images/Anabel-38.jpeg', -2);
insert into prenda (id_prenda, seccion, tipo, formalidad, abrigo, color, favorito, disponible, descripcion, url, armario_id_armario) values (-73, 'Zapato', 'Zapato', 4, 3, 'Salmon', false, true, 'Tacones salmon', '../../../assets/images/Anabel-39.jpeg', -2);
insert into prenda (id_prenda, seccion, tipo, formalidad, abrigo, color, favorito, disponible, descripcion, url, armario_id_armario) values (-74, 'Zapato', 'Zapato', 3, 3, 'Azul claro', true, true, 'Zapatos azul claro', '../../../assets/images/Anabel-40.jpeg', -2);
insert into prenda (id_prenda, seccion, tipo, formalidad, abrigo, color, favorito, disponible, descripcion, url, armario_id_armario) values (-75, 'Zapato', 'Tenis', 2, 3, 'Azul', false, true, 'Tenis azules', '../../../assets/images/Anabel-41.jpeg', -2);
insert into prenda (id_prenda, seccion, tipo, formalidad, abrigo, color, favorito, disponible, descripcion, url, armario_id_armario) values (-76, 'Accesorio', 'Guantes', 3, 3, 'Marrón', true, true, 'Guantes marrones', '../../../assets/images/Anabel-42.jpeg', -2);
insert into prenda (id_prenda, seccion, tipo, formalidad, abrigo, color, favorito, disponible, descripcion, url, armario_id_armario) values (-77, 'Accesorio', 'Bufanda', 3, 4, 'Gris claro', true, true, 'Bufanda gris claro', '../../../assets/images/Anabel-43.jpeg', -2);
insert into prenda (id_prenda, seccion, tipo, formalidad, abrigo, color, favorito, disponible, descripcion, url, armario_id_armario) values (-78, 'Accesorio', 'Bufanda', 3, 3, 'Beige', false, true, 'Bufanda beige', '../../../assets/images/Anabel-44.jpeg', -2);
insert into prenda (id_prenda, seccion, tipo, formalidad, abrigo, color, favorito, disponible, descripcion, url, armario_id_armario) values (-79, 'Accesorio', 'Bufanda', 3, 3, 'Salmon', true, true, 'Bufanda salmon', '../../../assets/images/Anabel-45.jpeg', -2);
insert into prenda (id_prenda, seccion, tipo, formalidad, abrigo, color, favorito, disponible, descripcion, url, armario_id_armario) values (-80, 'Superior', 'Saco', 3, 4, 'Negro', true, true, 'Blusa negra', '../../../assets/images/Anabel-46.jpeg', -2);
insert into prenda (id_prenda, seccion, tipo, formalidad, abrigo, color, favorito, disponible, descripcion, url, armario_id_armario) values (-81, 'Accesorio', 'Guantes', 3, 3, 'Gris claro', false, true, 'Guantes grices claro', '../../../assets/images/Anabel-47.jpeg', -2);
insert into prenda (id_prenda, seccion, tipo, formalidad, abrigo, color, favorito, disponible, descripcion, url, armario_id_armario) values (-82, 'Accesorio', 'Beanie', 3, 4, 'Fucsia', false, true, 'Beanie fucsia', '../../../assets/images/Anabel-48.jpeg', -2);
insert into prenda (id_prenda, seccion, tipo, formalidad, abrigo, color, favorito, disponible, descripcion, url, armario_id_armario) values (-83, 'Accesorio', 'Beanie', 3, 4, 'Naranja', true, true, 'Beanie naranja', '../../../assets/images/Anabel-49.jpeg', -2);
insert into prenda (id_prenda, seccion, tipo, formalidad, abrigo, color, favorito, disponible, descripcion, url, armario_id_armario) values (-84, 'Accesorio', 'Beanie', 3, 4, 'Beige', false, true, 'Beanie beige', '../../../assets/images/Anabel-50.jpeg', -2);
insert into prenda (id_prenda, seccion, tipo, formalidad, abrigo, color, favorito, disponible, descripcion, url, armario_id_armario) values (-85, 'Vestido', 'Vestido', 4, 3, 'Negro', true, true, 'Vestido negro', '../../../assets/images/Anabel-51.jpeg', -2);
insert into prenda (id_prenda, seccion, tipo, formalidad, abrigo, color, favorito, disponible, descripcion, url, armario_id_armario) values (-86, 'Superior', 'Saco', 5, 4, 'Rojo', true, true, 'Saco rojo', '../../../assets/images/Anabel-52.jpeg', -2);
insert into prenda (id_prenda, seccion, tipo, formalidad, abrigo, color, favorito, disponible, descripcion, url, armario_id_armario) values (-87, 'Superior', 'Saco', 5, 4, 'Azul', true, true, 'Saco azul', '../../../assets/images/Anabel-53.jpeg', -2);
insert into prenda (id_prenda, seccion, tipo, formalidad, abrigo, color, favorito, disponible, descripcion, url, armario_id_armario) values (-88, 'Superior', 'Saco', 5, 4, 'Negro', false, true, 'Saco negro', '../../../assets/images/Anabel-54.jpeg', -2);
insert into prenda (id_prenda, seccion, tipo, formalidad, abrigo, color, favorito, disponible, descripcion, url, armario_id_armario) values (-89, 'Superior', 'Saco', 5, 4, 'Blanco', false, true, 'Saco blanco', '../../../assets/images/Anabel-55.jpeg', -2);
insert into prenda (id_prenda, seccion, tipo, formalidad, abrigo, color, favorito, disponible, descripcion, url, armario_id_armario) values (-90, 'Superior', 'Top', 2, 2, 'Azul', true, true, 'Top azul', '../../../assets/images/Anabel-56.jpeg', -2);
insert into prenda (id_prenda, seccion, tipo, formalidad, abrigo, color, favorito, disponible, descripcion, url, armario_id_armario) values (-91, 'Superior', 'Saco', 3, 4, 'Rojo', true, true, 'Blusa roja', '../../../assets/images/Anabel-57.jpeg', -2);
insert into prenda (id_prenda, seccion, tipo, formalidad, abrigo, color, favorito, disponible, descripcion, url, armario_id_armario) values (-92, 'Vestido', 'Vestido', 3, 3, 'Negro', false, true, 'Vestido negro', '../../../assets/images/Anabel-58.jpeg', -2);
insert into prenda (id_prenda, seccion, tipo, formalidad, abrigo, color, favorito, disponible, descripcion, url, armario_id_armario) values (-93, 'Superior', 'Saco', 5, 4, 'Blanco', true, true, 'Saco blanco', '../../../assets/images/Anabel-59.jpeg', -2);
insert into prenda (id_prenda, seccion, tipo, formalidad, abrigo, color, favorito, disponible, descripcion, url, armario_id_armario) values (-94, 'Superior', 'Saco', 5, 4, 'Beige', true, true, 'Saco beige', '../../../assets/images/Anabel-60.jpeg', -2);
insert into prenda (id_prenda, seccion, tipo, formalidad, abrigo, color, favorito, disponible, descripcion, url, armario_id_armario) values (-95, 'Superior', 'Saco', 5, 4, 'Negro', false, true, 'Saco negro', '../../../assets/images/Anabel-61.jpeg', -2);
insert into prenda (id_prenda, seccion, tipo, formalidad, abrigo, color, favorito, disponible, descripcion, url, armario_id_armario) values (-96, 'Superior', 'Chaqueta', 3, 3, 'Azul', true, true, 'Chaqueta azul', '../../../assets/images/Anabel-62.jpeg', -2);
insert into prenda (id_prenda, seccion, tipo, formalidad, abrigo, color, favorito, disponible, descripcion, url, armario_id_armario) values (-97, 'Superior', 'Saco', 3, 4, 'Beige', false, true, 'Blusa beige', '../../../assets/images/Anabel-63.jpeg', -2);
insert into prenda (id_prenda, seccion, tipo, formalidad, abrigo, color, favorito, disponible, descripcion, url, armario_id_armario) values (-98, 'Superior', 'Saco', 3, 4, 'Fucsia', true, true, 'Blusa fucsia', '../../../assets/images/Anabel-64.jpeg', -2);
insert into prenda (id_prenda, seccion, tipo, formalidad, abrigo, color, favorito, disponible, descripcion, url, armario_id_armario) values (-99, 'Superior', 'Saco', 3, 4, 'Morado', false, true, 'Blusa morada', '../../../assets/images/Anabel-65.jpeg', -2);
insert into prenda (id_prenda, seccion, tipo, formalidad, abrigo, color, favorito, disponible, descripcion, url, armario_id_armario) values (-100, 'Superior', 'Blusa', 3, 3, 'Amarillo', true, true, 'Blusa amarillo', '../../../assets/images/Anabel-66.jpeg', -2);
insert into prenda (id_prenda, seccion, tipo, formalidad, abrigo, color, favorito, disponible, descripcion, url, armario_id_armario) values (-101, 'Superior', 'Chaqueta', 3, 4, 'Oliva', true, true, 'Chaqueta oliva', '../../../assets/images/Anabel-67.jpeg', -2);
insert into prenda (id_prenda, seccion, tipo, formalidad, abrigo, color, favorito, disponible, descripcion, url, armario_id_armario) values (-102, 'Superior', 'Chaqueta', 3, 4, 'Salmon', false, true, 'Chaqueta salmon', '../../../assets/images/Anabel-68.jpeg', -2);
insert into prenda (id_prenda, seccion, tipo, formalidad, abrigo, color, favorito, disponible, descripcion, url, armario_id_armario) values (-103, 'Superior', 'Top', 3, 3, 'Blanco', true, true, 'Top blanco', '../../../assets/images/Anabel-69.jpeg', -2);
insert into prenda (id_prenda, seccion, tipo, formalidad, abrigo, color, favorito, disponible, descripcion, url, armario_id_armario) values (-104, 'Superior', 'Top', 2, 2, 'Negro', true, true, 'Top negro', '../../../assets/images/Anabel-70.jpeg', -2);
insert into prenda (id_prenda, seccion, tipo, formalidad, abrigo, color, favorito, disponible, descripcion, url, armario_id_armario) values (-105, 'Superior', 'Top', 3, 3, 'Salmon', true, true, 'Top salmon', '../../../assets/images/Anabel-71.jpeg', -2);
insert into prenda (id_prenda, seccion, tipo, formalidad, abrigo, color, favorito, disponible, descripcion, url, armario_id_armario) values (-106, 'Superior', 'Top', 3, 3, 'Blanco', true, true, 'Top blanco', '../../../assets/images/Anabel-72.jpeg', -2);
insert into prenda (id_prenda, seccion, tipo, formalidad, abrigo, color, favorito, disponible, descripcion, url, armario_id_armario) values (-107, 'Superior', 'Top', 2, 2, 'Negro', true, true, 'Top negro', '../../../assets/images/Anabel-73.jpeg', -2);
insert into prenda (id_prenda, seccion, tipo, formalidad, abrigo, color, favorito, disponible, descripcion, url, armario_id_armario) values (-108, 'Superior', 'Camiseta', 3, 3, 'Amarillo', false, true, 'Camiseta amarilla', '../../../assets/images/Anabel-74.jpeg', -2);
insert into prenda (id_prenda, seccion, tipo, formalidad, abrigo, color, favorito, disponible, descripcion, url, armario_id_armario) values (-109, 'Superior', 'Camiseta', 3, 3, 'Rojo', true, true, 'Camiseta roja', '../../../assets/images/Anabel-75.jpeg', -2);
insert into prenda (id_prenda, seccion, tipo, formalidad, abrigo, color, favorito, disponible, descripcion, url, armario_id_armario) values (-110, 'Superior', 'Top', 3, 3, 'Rojo', false, true, 'Top rojo', '../../../assets/images/Anabel-76.jpeg', -2);
insert into prenda (id_prenda, seccion, tipo, formalidad, abrigo, color, favorito, disponible, descripcion, url, armario_id_armario) values (-111, 'Superior', 'Camiseta', 3, 3, 'Azul', true, true, 'Camiseta azul', '../../../assets/images/Anabel-77.jpeg', -2);
insert into prenda (id_prenda, seccion, tipo, formalidad, abrigo, color, favorito, disponible, descripcion, url, armario_id_armario) values (-112, 'Superior', 'Top', 3, 3, 'Blanco', true, true, 'Top blanco', '../../../assets/images/Anabel-78.jpeg', -2);
insert into prenda (id_prenda, seccion, tipo, formalidad, abrigo, color, favorito, disponible, descripcion, url, armario_id_armario) values (-113, 'Superior', 'Top', 3, 3, 'Salmon', true, true, 'Top salmon', '../../../assets/images/Anabel-79.jpeg', -2);
insert into prenda (id_prenda, seccion, tipo, formalidad, abrigo, color, favorito, disponible, descripcion, url, armario_id_armario) values (-114, 'Superior', 'Top', 3, 3, 'Verde claro', false, true, 'Top verde claro', '../../../assets/images/Anabel-80.jpeg', -2);
insert into prenda (id_prenda, seccion, tipo, formalidad, abrigo, color, favorito, disponible, descripcion, url, armario_id_armario) values (-115, 'Superior', 'Saco', 3, 4, 'Salmon', true, true, 'Blusa salmon', '../../../assets/images/Anabel-81.jpeg', -2);
insert into prenda (id_prenda, seccion, tipo, formalidad, abrigo, color, favorito, disponible, descripcion, url, armario_id_armario) values (-116, 'Superior', 'Top', 3, 3, 'Azul claro', false, true, 'Top azul claro', '../../../assets/images/Anabel-82.jpeg', -2);
insert into prenda (id_prenda, seccion, tipo, formalidad, abrigo, color, favorito, disponible, descripcion, url, armario_id_armario) values (-117, 'Superior', 'Top', 2, 2, 'Rojo', true, true, 'Top rojo', '../../../assets/images/Anabel-83.jpeg', -2);
insert into prenda (id_prenda, seccion, tipo, formalidad, abrigo, color, favorito, disponible, descripcion, url, armario_id_armario) values (-118, 'Superior', 'Top', 2, 2, 'Gris claro', true, true, 'Top gris claro', '../../../assets/images/Anabel-84.jpeg', -2);
insert into prenda (id_prenda, seccion, tipo, formalidad, abrigo, color, favorito, disponible, descripcion, url, armario_id_armario) values (-119, 'Superior', 'Top', 2, 2, 'Blanco', false, true, 'Top blanco', '../../../assets/images/Anabel-85.jpeg', -2);
insert into prenda (id_prenda, seccion, tipo, formalidad, abrigo, color, favorito, disponible, descripcion, url, armario_id_armario) values (-120, 'Superior', 'Top', 2, 2, 'Negro', true, true, 'Top negro', '../../../assets/images/Anabel-86.jpeg', -2);
insert into prenda (id_prenda, seccion, tipo, formalidad, abrigo, color, favorito, disponible, descripcion, url, armario_id_armario) values (-121, 'Inferior', 'Sudadera', 1, 3, 'Negro', true, true, 'Sudadera negra', '../../../assets/images/Anabel-87.jpeg', -2);
insert into prenda (id_prenda, seccion, tipo, formalidad, abrigo, color, favorito, disponible, descripcion, url, armario_id_armario) values (-122, 'Inferior', 'Sudadera', 1, 3, 'Gris claro', false, true, 'Sudadera gris claro', '../../../assets/images/Anabel-88.jpeg', -2);
insert into prenda (id_prenda, seccion, tipo, formalidad, abrigo, color, favorito, disponible, descripcion, url, armario_id_armario) values (-123, 'Inferior', 'Sudadera', 1, 3, 'Rojo', false, true, 'Sudadera roja', '../../../assets/images/Anabel-89.jpeg', -2);
insert into prenda (id_prenda, seccion, tipo, formalidad, abrigo, color, favorito, disponible, descripcion, url, armario_id_armario) values (-124, 'Inferior', 'Sudadera', 1, 3, 'Negro', true, true, 'Sudadera negra', '../../../assets/images/Anabel-90.jpeg', -2);
insert into prenda (id_prenda, seccion, tipo, formalidad, abrigo, color, favorito, disponible, descripcion, url, armario_id_armario) values (-125, 'Zapato', 'Tenis', 1, 1, 'Salmon', false, true, 'Tenis salmon', '../../../assets/images/Anabel-91.jpeg', -2);
insert into prenda (id_prenda, seccion, tipo, formalidad, abrigo, color, favorito, disponible, descripcion, url, armario_id_armario) values (-126, 'Zapato', 'Tenis', 2, 3, 'Fucsia', false, true, 'Tenis fucsia', '../../../assets/images/Anabel-92.jpeg', -2);
insert into prenda (id_prenda, seccion, tipo, formalidad, abrigo, color, favorito, disponible, descripcion, url, armario_id_armario) values (-127, 'Zapato', 'Tenis', 2, 3, 'Salmon', true, true, 'Tenis salmon', '../../../assets/images/Anabel-93.jpeg', -2);
insert into prenda (id_prenda, seccion, tipo, formalidad, abrigo, color, favorito, disponible, descripcion, url, armario_id_armario) values (-128, 'Zapato', 'Tenis', 2, 3, 'Morado', true, true, 'Tenis morado', '../../../assets/images/Anabel-94.jpeg', -2);
insert into prenda (id_prenda, seccion, tipo, formalidad, abrigo, color, favorito, disponible, descripcion, url, armario_id_armario) values (-129, 'Inferior', 'Falda', 5, 4, 'Gris claro', true, true, 'Falda gris clara', '../../../assets/images/Anabel-95.jpeg', -2);
insert into prenda (id_prenda, seccion, tipo, formalidad, abrigo, color, favorito, disponible, descripcion, url, armario_id_armario) values (-130, 'Inferior', 'Pantalon', 5, 4, 'Salmon', true, true, 'Pantalon salmon', '../../../assets/images/Anabel-96.jpeg', -2);
insert into prenda (id_prenda, seccion, tipo, formalidad, abrigo, color, favorito, disponible, descripcion, url, armario_id_armario) values (-131, 'Inferior', 'Pantalon', 5, 4, 'Gris claro', true, true, 'Pantalon gris claro', '../../../assets/images/Anabel-97.jpeg', -2);
insert into prenda (id_prenda, seccion, tipo, formalidad, abrigo, color, favorito, disponible, descripcion, url, armario_id_armario) values (-132, 'Inferior', 'Falda', 5, 2, 'Negro', true, true, 'Falda negra', '../../../assets/images/Anabel-98.jpeg', -2);
insert into prenda (id_prenda, seccion, tipo, formalidad, abrigo, color, favorito, disponible, descripcion, url, armario_id_armario) values (-133, 'Vestido', 'Vestido', 5, 4, 'Gris claro', true, true, 'Vestido gris claro', '../../../assets/images/Anabel-99.jpeg', -2);
insert into prenda (id_prenda, seccion, tipo, formalidad, abrigo, color, favorito, disponible, descripcion, url, armario_id_armario) values (-134, 'Inferior', 'Falda', 5, 4, 'Salmon', true, true, 'Falda salmon', '../../../assets/images/Anabel-100.jpeg', -2);
insert into prenda (id_prenda, seccion, tipo, formalidad, abrigo, color, favorito, disponible, descripcion, url, armario_id_armario) values (-135, 'Inferior', 'Pantalon', 5, 4, 'Gris claro', true, true, 'Pantalon gris claro', '../../../assets/images/Anabel-101.jpeg', -2);
insert into prenda (id_prenda, seccion, tipo, formalidad, abrigo, color, favorito, disponible, descripcion, url, armario_id_armario) values (-136, 'Inferior', 'Pantalon', 5, 4, 'Gris', true, true, 'Pantalon gris', '../../../assets/images/Anabel-102.jpeg', -2);
insert into prenda (id_prenda, seccion, tipo, formalidad, abrigo, color, favorito, disponible, descripcion, url, armario_id_armario) values (-137, 'Inferior', 'Pantalon', 5, 4, 'Negro', true, true, 'Pantalon negro', '../../../assets/images/Anabel-103.jpeg', -2);
insert into prenda (id_prenda, seccion, tipo, formalidad, abrigo, color, favorito, disponible, descripcion, url, armario_id_armario) values (-138, 'Inferior', 'Pantalon', 5, 4, 'Negro', true, true, 'Pantalon negro', '../../../assets/images/Anabel-104.jpeg', -2);
insert into prenda (id_prenda, seccion, tipo, formalidad, abrigo, color, favorito, disponible, descripcion, url, armario_id_armario) values (-139, 'Vestido', 'Vestido', 5, 4, 'Salmon', true, true, 'Vestido salmon', '../../../assets/images/Anabel-105.jpeg', -2);
insert into prenda (id_prenda, seccion, tipo, formalidad, abrigo, color, favorito, disponible, descripcion, url, armario_id_armario) values (-140, 'Vestido', 'Vestido', 5, 4, 'Blanco', true, true, 'Vestido blanco', '../../../assets/images/Anabel-106.jpeg', -2);
insert into prenda (id_prenda, seccion, tipo, formalidad, abrigo, color, favorito, disponible, descripcion, url, armario_id_armario) values (-141, 'Zapato', 'Sandalias', 5, 2, 'Negro', true, true, 'Sandalias negras', '../../../assets/images/Anabel-107.jpeg', -2);


insert into superior (id_prenda, cuello, manga) values (-36, 'V', 'Manga larga');
insert into superior (id_prenda, cuello, manga) values (-50, 'Redondo', 'Manga larga');
insert into superior (id_prenda, cuello, manga) values (-51, 'Redondo', 'Manga corta');
insert into superior (id_prenda, cuello, manga) values (-59, 'Redondo', 'Manga corta');
insert into superior (id_prenda, cuello, manga) values (-60, 'Redondo', 'Manga corta');
insert into superior (id_prenda, cuello, manga) values (-80, 'Redondo', 'Manga larga');
insert into superior (id_prenda, cuello, manga) values (-86, 'Redondo', 'Manga larga');
insert into superior (id_prenda, cuello, manga) values (-87, 'Redondo', 'Manga larga');
insert into superior (id_prenda, cuello, manga) values (-88, 'Redondo', 'Manga larga');
insert into superior (id_prenda, cuello, manga) values (-89, 'Redondo', 'Manga larga');
insert into superior (id_prenda, cuello, manga) values (-90, 'V', 'Manga corta');
insert into superior (id_prenda, cuello, manga) values (-91, 'V', 'Manga corta');
insert into superior (id_prenda, cuello, manga) values (-93, 'V', 'Manga larga');
insert into superior (id_prenda, cuello, manga) values (-94, 'V', 'Manga larga');
insert into superior (id_prenda, cuello, manga) values (-95, 'V', 'Manga larga');
insert into superior (id_prenda, cuello, manga) values (-96, 'V', 'Manga larga');
insert into superior (id_prenda, cuello, manga) values (-97, 'Redondo', 'Manga larga');
insert into superior (id_prenda, cuello, manga) values (-98, 'Redondo', 'Manga larga');
insert into superior (id_prenda, cuello, manga) values (-99, 'Redondo', 'Manga larga');
insert into superior (id_prenda, cuello, manga) values (-100, 'Redondo', 'Manga larga');
insert into superior (id_prenda, cuello, manga) values (-101, 'Redondo', 'Manga larga');
insert into superior (id_prenda, cuello, manga) values (-102, 'Redondo', 'Manga larga');
insert into superior (id_prenda, cuello, manga) values (-103, 'Cuello', 'Manga corta');
insert into superior (id_prenda, cuello, manga) values (-104, 'Redondo', 'Manga corta');
insert into superior (id_prenda, cuello, manga) values (-105, 'Redondo', 'Manga corta');
insert into superior (id_prenda, cuello, manga) values (-106, 'V', 'Manga corta');
insert into superior (id_prenda, cuello, manga) values (-107, 'Redondo', 'Manga corta');
insert into superior (id_prenda, cuello, manga) values (-108, 'Redondo', 'Manga corta');
insert into superior (id_prenda, cuello, manga) values (-109, 'Redondo', 'Manga corta');
insert into superior (id_prenda, cuello, manga) values (-110, 'Redondo', 'Manga corta');
insert into superior (id_prenda, cuello, manga) values (-111, 'Redondo', 'Manga corta');
insert into superior (id_prenda, cuello, manga) values (-112, 'Redondo', 'Manga corta');
insert into superior (id_prenda, cuello, manga) values (-113, 'Redondo', 'Manga corta');
insert into superior (id_prenda, cuello, manga) values (-114, 'Redondo', 'Manga corta');
insert into superior (id_prenda, cuello, manga) values (-115, 'Redondo', 'Manga larga');
insert into superior (id_prenda, cuello, manga) values (-116, 'Redondo', 'Manga corta');
insert into superior (id_prenda, cuello, manga) values (-117, 'Redondo', 'Manga corta');
insert into superior (id_prenda, cuello, manga) values (-118, 'Redondo', 'Manga corta');
insert into superior (id_prenda, cuello, manga) values (-119, 'Redondo', 'Manga corta');
insert into superior (id_prenda, cuello, manga) values (-120, 'Redondo', 'Manga corta');

insert into inferior (id_prenda, bota) values (-35, 'No tiene');
insert into inferior (id_prenda, bota) values (-37, 'Entubado');
insert into inferior (id_prenda, bota) values (-38, 'Entubado');
insert into inferior (id_prenda, bota) values (-39, 'Entubado');
insert into inferior (id_prenda, bota) values (-40, 'Entubado');
insert into inferior (id_prenda, bota) values (-41, 'No tiene');
insert into inferior (id_prenda, bota) values (-42, 'No tiene');
insert into inferior (id_prenda, bota) values (-44, 'Entubado');
insert into inferior (id_prenda, bota) values (-45, 'Entubado');
insert into inferior (id_prenda, bota) values (-46, 'No tiene');
insert into inferior (id_prenda, bota) values (-48, 'No tiene');
insert into inferior (id_prenda, bota) values (-52, 'No tiene');
insert into inferior (id_prenda, bota) values (-56, 'No tiene');
insert into inferior (id_prenda, bota) values (-61, 'No tiene');
insert into inferior (id_prenda, bota) values (-121, 'Entubado');
insert into inferior (id_prenda, bota) values (-122, 'Entubado');
insert into inferior (id_prenda, bota) values (-123, 'Entubado');
insert into inferior (id_prenda, bota) values (-124, 'Entubado');
insert into inferior (id_prenda, bota) values (-129, 'No tiene');
insert into inferior (id_prenda, bota) values (-130, 'Entubado');
insert into inferior (id_prenda, bota) values (-131, 'Entubado');
insert into inferior (id_prenda, bota) values (-132, 'No tiene');
insert into inferior (id_prenda, bota) values (-134, 'No tiene');
insert into inferior (id_prenda, bota) values (-135, 'Entubado');
insert into inferior (id_prenda, bota) values (-136, 'Entubado');
insert into inferior (id_prenda, bota) values (-137, 'Entubado');
insert into inferior (id_prenda, bota) values (-138, 'Entubado');

insert into accesorio (id_prenda, lugar) values (-47, 'Cuello');
insert into accesorio (id_prenda, lugar) values (-76, 'Manos');
insert into accesorio (id_prenda, lugar) values (-77, 'Cuello');
insert into accesorio (id_prenda, lugar) values (-78, 'Cuello');
insert into accesorio (id_prenda, lugar) values (-79, 'Cuello');
insert into accesorio (id_prenda, lugar) values (-81, 'Manos');
insert into accesorio (id_prenda, lugar) values (-82, 'Cabeza');
insert into accesorio (id_prenda, lugar) values (-83, 'Cabeza');
insert into accesorio (id_prenda, lugar) values (-84, 'Cabeza');

insert into zapato (id_prenda, forma) values (-54, 'Punta');
insert into zapato (id_prenda, forma) values (-55, 'Redonda');
insert into zapato (id_prenda, forma) values (-62, 'Punta');
insert into zapato (id_prenda, forma) values (-63, 'Redonda');
insert into zapato (id_prenda, forma) values (-64, 'Redonda');
insert into zapato (id_prenda, forma) values (-65, 'Redonda');
insert into zapato (id_prenda, forma) values (-66, 'Redonda');
insert into zapato (id_prenda, forma) values (-67, 'Punta');
insert into zapato (id_prenda, forma) values (-68, 'Punta');
insert into zapato (id_prenda, forma) values (-69, 'Punta');
insert into zapato (id_prenda, forma) values (-70, 'Punta');
insert into zapato (id_prenda, forma) values (-71, 'Punta');
insert into zapato (id_prenda, forma) values (-72, 'Punta');
insert into zapato (id_prenda, forma) values (-73, 'Punta');
insert into zapato (id_prenda, forma) values (-74, 'Redonda');
insert into zapato (id_prenda, forma) values (-75, 'Redonda');
insert into zapato (id_prenda, forma) values (-125, 'Redonda');
insert into zapato (id_prenda, forma) values (-126, 'Redonda');
insert into zapato (id_prenda, forma) values (-127, 'Redonda');
insert into zapato (id_prenda, forma) values (-128, 'Punta');
insert into zapato (id_prenda, forma) values (-141, 'Redonda');


insert into vestido(id_prenda, largo) values (-43, 'Largo');
insert into vestido(id_prenda, largo) values (-53, 'Largo');
insert into vestido(id_prenda, largo) values (-57, 'Largo');
insert into vestido(id_prenda, largo) values (-58, 'Largo');
insert into vestido(id_prenda, largo) values (-85, 'Largo');
insert into vestido(id_prenda, largo) values (-92, 'Largo');
insert into vestido(id_prenda, largo) values (-133, 'Largo');
insert into vestido(id_prenda, largo) values (-139, 'Corto');
insert into vestido(id_prenda, largo) values (-140, 'Corto');

insert into atuendo (id_atuendo, favorito, armario_id_armario) values (-12, true, -2);
insert into atuendo (id_atuendo, favorito, armario_id_armario) values (-13, true, -2);
insert into atuendo (id_atuendo, favorito, armario_id_armario) values (-14, false, -2);
insert into atuendo (id_atuendo, favorito, armario_id_armario) values (-15, true, -2);
insert into atuendo (id_atuendo, favorito, armario_id_armario) values (-16, true, -2);
insert into atuendo (id_atuendo, favorito, armario_id_armario) values (-17, true, -2);
insert into atuendo (id_atuendo, favorito, armario_id_armario) values (-18, false, -2);
insert into atuendo (id_atuendo, favorito, armario_id_armario) values (-19, false, -2);
insert into atuendo (id_atuendo, favorito, armario_id_armario) values (-20, true, -2);
insert into atuendo (id_atuendo, favorito, armario_id_armario) values (-21, false, -2);
insert into atuendo (id_atuendo, favorito, armario_id_armario) values (-22, false, -2);
insert into atuendo (id_atuendo, favorito, armario_id_armario) values (-23, true, -2);
insert into atuendo (id_atuendo, favorito, armario_id_armario) values (-24, false, -2);
insert into atuendo (id_atuendo, favorito, armario_id_armario) values (-25, false, -2);
insert into atuendo (id_atuendo, favorito, armario_id_armario) values (-26, true, -2);
insert into atuendo (id_atuendo, favorito, armario_id_armario) values (-27, true, -2);
insert into atuendo (id_atuendo, favorito, armario_id_armario) values (-28, false, -2);
insert into atuendo (id_atuendo, favorito, armario_id_armario) values (-29, true, -2);
insert into atuendo (id_atuendo, favorito, armario_id_armario) values (-30, false, -2);
insert into atuendo (id_atuendo, favorito, armario_id_armario) values (-31, false, -2);
insert into atuendo (id_atuendo, favorito, armario_id_armario) values (-32, true, -2);

insert into atuendoxprenda (id_atuendo_id_atuendo, id_prenda_id_prenda) values (-12, -128);
insert into atuendoxprenda (id_atuendo_id_atuendo, id_prenda_id_prenda) values (-12, -115);
insert into atuendoxprenda (id_atuendo_id_atuendo, id_prenda_id_prenda) values (-12, -47);
insert into atuendoxprenda (id_atuendo_id_atuendo, id_prenda_id_prenda) values (-12, -44);
insert into atuendoxprenda (id_atuendo_id_atuendo, id_prenda_id_prenda) values (-13, -100);
insert into atuendoxprenda (id_atuendo_id_atuendo, id_prenda_id_prenda) values (-13, -84);
insert into atuendoxprenda (id_atuendo_id_atuendo, id_prenda_id_prenda) values (-13, -78);
insert into atuendoxprenda (id_atuendo_id_atuendo, id_prenda_id_prenda) values (-13, -75);
insert into atuendoxprenda (id_atuendo_id_atuendo, id_prenda_id_prenda) values (-13, -40);
insert into atuendoxprenda (id_atuendo_id_atuendo, id_prenda_id_prenda) values (-14, -127);
insert into atuendoxprenda (id_atuendo_id_atuendo, id_prenda_id_prenda) values (-14, -110);
insert into atuendoxprenda (id_atuendo_id_atuendo, id_prenda_id_prenda) values (-14, -96);
insert into atuendoxprenda (id_atuendo_id_atuendo, id_prenda_id_prenda) values (-14, -45);
insert into atuendoxprenda (id_atuendo_id_atuendo, id_prenda_id_prenda) values (-15, -115);
insert into atuendoxprenda (id_atuendo_id_atuendo, id_prenda_id_prenda) values (-15, -79);
insert into atuendoxprenda (id_atuendo_id_atuendo, id_prenda_id_prenda) values (-15, -71);
insert into atuendoxprenda (id_atuendo_id_atuendo, id_prenda_id_prenda) values (-15, -37);
insert into atuendoxprenda (id_atuendo_id_atuendo, id_prenda_id_prenda) values (-16, -92);
insert into atuendoxprenda (id_atuendo_id_atuendo, id_prenda_id_prenda) values (-16, -55);
insert into atuendoxprenda (id_atuendo_id_atuendo, id_prenda_id_prenda) values (-16, -47);
insert into atuendoxprenda (id_atuendo_id_atuendo, id_prenda_id_prenda) values (-17, -126);
insert into atuendoxprenda (id_atuendo_id_atuendo, id_prenda_id_prenda) values (-17, -98);
insert into atuendoxprenda (id_atuendo_id_atuendo, id_prenda_id_prenda) values (-17, -82);
insert into atuendoxprenda (id_atuendo_id_atuendo, id_prenda_id_prenda) values (-17, -81);
insert into atuendoxprenda (id_atuendo_id_atuendo, id_prenda_id_prenda) values (-17, -45);
insert into atuendoxprenda (id_atuendo_id_atuendo, id_prenda_id_prenda) values (-18, -125);
insert into atuendoxprenda (id_atuendo_id_atuendo, id_prenda_id_prenda) values (-18, -116);
insert into atuendoxprenda (id_atuendo_id_atuendo, id_prenda_id_prenda) values (-18, -96);
insert into atuendoxprenda (id_atuendo_id_atuendo, id_prenda_id_prenda) values (-18, -37);
insert into atuendoxprenda (id_atuendo_id_atuendo, id_prenda_id_prenda) values (-19, -122);
insert into atuendoxprenda (id_atuendo_id_atuendo, id_prenda_id_prenda) values (-19, -109);
insert into atuendoxprenda (id_atuendo_id_atuendo, id_prenda_id_prenda) values (-19, -64);
insert into atuendoxprenda (id_atuendo_id_atuendo, id_prenda_id_prenda) values (-19, -36);
insert into atuendoxprenda (id_atuendo_id_atuendo, id_prenda_id_prenda) values (-20, -112);
insert into atuendoxprenda (id_atuendo_id_atuendo, id_prenda_id_prenda) values (-20, -88);
insert into atuendoxprenda (id_atuendo_id_atuendo, id_prenda_id_prenda) values (-20, -54);
insert into atuendoxprenda (id_atuendo_id_atuendo, id_prenda_id_prenda) values (-20, -47);
insert into atuendoxprenda (id_atuendo_id_atuendo, id_prenda_id_prenda) values (-20, -38);
insert into atuendoxprenda (id_atuendo_id_atuendo, id_prenda_id_prenda) values (-21, -104);
insert into atuendoxprenda (id_atuendo_id_atuendo, id_prenda_id_prenda) values (-21, -65);
insert into atuendoxprenda (id_atuendo_id_atuendo, id_prenda_id_prenda) values (-21, -44);
insert into atuendoxprenda (id_atuendo_id_atuendo, id_prenda_id_prenda) values (-22, -126);
insert into atuendoxprenda (id_atuendo_id_atuendo, id_prenda_id_prenda) values (-22, -116);
insert into atuendoxprenda (id_atuendo_id_atuendo, id_prenda_id_prenda) values (-22, -96);
insert into atuendoxprenda (id_atuendo_id_atuendo, id_prenda_id_prenda) values (-22, -84);
insert into atuendoxprenda (id_atuendo_id_atuendo, id_prenda_id_prenda) values (-22, -45);
insert into atuendoxprenda (id_atuendo_id_atuendo, id_prenda_id_prenda) values (-23, -93);
insert into atuendoxprenda (id_atuendo_id_atuendo, id_prenda_id_prenda) values (-23, -76);
insert into atuendoxprenda (id_atuendo_id_atuendo, id_prenda_id_prenda) values (-23, -66);
insert into atuendoxprenda (id_atuendo_id_atuendo, id_prenda_id_prenda) values (-23, -57);
insert into atuendoxprenda (id_atuendo_id_atuendo, id_prenda_id_prenda) values (-24, -128);
insert into atuendoxprenda (id_atuendo_id_atuendo, id_prenda_id_prenda) values (-24, -124);
insert into atuendoxprenda (id_atuendo_id_atuendo, id_prenda_id_prenda) values (-24, -117);
insert into atuendoxprenda (id_atuendo_id_atuendo, id_prenda_id_prenda) values (-24, -36);
insert into atuendoxprenda (id_atuendo_id_atuendo, id_prenda_id_prenda) values (-25, -111);
insert into atuendoxprenda (id_atuendo_id_atuendo, id_prenda_id_prenda) values (-25, -101);
insert into atuendoxprenda (id_atuendo_id_atuendo, id_prenda_id_prenda) values (-25, -75);
insert into atuendoxprenda (id_atuendo_id_atuendo, id_prenda_id_prenda) values (-25, -40);
insert into atuendoxprenda (id_atuendo_id_atuendo, id_prenda_id_prenda) values (-26, -96);
insert into atuendoxprenda (id_atuendo_id_atuendo, id_prenda_id_prenda) values (-26, -64);
insert into atuendoxprenda (id_atuendo_id_atuendo, id_prenda_id_prenda) values (-26, -51);
insert into atuendoxprenda (id_atuendo_id_atuendo, id_prenda_id_prenda) values (-26, -39);
insert into atuendoxprenda (id_atuendo_id_atuendo, id_prenda_id_prenda) values (-27, -127);
insert into atuendoxprenda (id_atuendo_id_atuendo, id_prenda_id_prenda) values (-27, -113);
insert into atuendoxprenda (id_atuendo_id_atuendo, id_prenda_id_prenda) values (-27, -102);
insert into atuendoxprenda (id_atuendo_id_atuendo, id_prenda_id_prenda) values (-27, -79);
insert into atuendoxprenda (id_atuendo_id_atuendo, id_prenda_id_prenda) values (-27, -40);
insert into atuendoxprenda (id_atuendo_id_atuendo, id_prenda_id_prenda) values (-28, -128);
insert into atuendoxprenda (id_atuendo_id_atuendo, id_prenda_id_prenda) values (-28, -103);
insert into atuendoxprenda (id_atuendo_id_atuendo, id_prenda_id_prenda) values (-28, -98);
insert into atuendoxprenda (id_atuendo_id_atuendo, id_prenda_id_prenda) values (-28, -45);
insert into atuendoxprenda (id_atuendo_id_atuendo, id_prenda_id_prenda) values (-29, -106);
insert into atuendoxprenda (id_atuendo_id_atuendo, id_prenda_id_prenda) values (-29, -99);
insert into atuendoxprenda (id_atuendo_id_atuendo, id_prenda_id_prenda) values (-29, -68);
insert into atuendoxprenda (id_atuendo_id_atuendo, id_prenda_id_prenda) values (-29, -38);
insert into atuendoxprenda (id_atuendo_id_atuendo, id_prenda_id_prenda) values (-30, -111);
insert into atuendoxprenda (id_atuendo_id_atuendo, id_prenda_id_prenda) values (-30, -97);
insert into atuendoxprenda (id_atuendo_id_atuendo, id_prenda_id_prenda) values (-30, -78);
insert into atuendoxprenda (id_atuendo_id_atuendo, id_prenda_id_prenda) values (-30, -65);
insert into atuendoxprenda (id_atuendo_id_atuendo, id_prenda_id_prenda) values (-30, -45);
insert into atuendoxprenda (id_atuendo_id_atuendo, id_prenda_id_prenda) values (-31, -108);
insert into atuendoxprenda (id_atuendo_id_atuendo, id_prenda_id_prenda) values (-31, -75);
insert into atuendoxprenda (id_atuendo_id_atuendo, id_prenda_id_prenda) values (-31, -50);
insert into atuendoxprenda (id_atuendo_id_atuendo, id_prenda_id_prenda) values (-31, -44);
insert into atuendoxprenda (id_atuendo_id_atuendo, id_prenda_id_prenda) values (-32, -125);
insert into atuendoxprenda (id_atuendo_id_atuendo, id_prenda_id_prenda) values (-32, -108);
insert into atuendoxprenda (id_atuendo_id_atuendo, id_prenda_id_prenda) values (-32, -100);
insert into atuendoxprenda (id_atuendo_id_atuendo, id_prenda_id_prenda) values (-32, -84);
insert into atuendoxprenda (id_atuendo_id_atuendo, id_prenda_id_prenda) values (-32, -37);

insert into calendario (id_calendario, fecha, armario_id_armario, atuendo_id_atuendo) values (-17, to_date('01/05/2020','dd/mm/yyyy'),-2, -12);
insert into calendario (id_calendario, fecha, armario_id_armario, atuendo_id_atuendo) values (-18, to_date('02/05/2020','dd/mm/yyyy'),-2, -13);
insert into calendario (id_calendario, fecha, armario_id_armario, atuendo_id_atuendo) values (-19, to_date('03/05/2020','dd/mm/yyyy'),-2, -14);
insert into calendario (id_calendario, fecha, armario_id_armario, atuendo_id_atuendo) values (-20, to_date('04/05/2020','dd/mm/yyyy'),-2, -15);
insert into calendario (id_calendario, fecha, armario_id_armario, atuendo_id_atuendo) values (-21, to_date('05/05/2020','dd/mm/yyyy'),-2, -16);
insert into calendario (id_calendario, fecha, armario_id_armario, atuendo_id_atuendo) values (-22, to_date('06/05/2020','dd/mm/yyyy'),-2, -17);
insert into calendario (id_calendario, fecha, armario_id_armario, atuendo_id_atuendo) values (-23, to_date('07/05/2020','dd/mm/yyyy'),-2, -18);
insert into calendario (id_calendario, fecha, armario_id_armario, atuendo_id_atuendo) values (-24, to_date('08/05/2020','dd/mm/yyyy'),-2, -19);
insert into calendario (id_calendario, fecha, armario_id_armario, atuendo_id_atuendo) values (-25, to_date('09/05/2020','dd/mm/yyyy'),-2, -20);
insert into calendario (id_calendario, fecha, armario_id_armario, atuendo_id_atuendo) values (-26, to_date('10/05/2020','dd/mm/yyyy'),-2, -21);
insert into calendario (id_calendario, fecha, armario_id_armario, atuendo_id_atuendo) values (-27, to_date('11/05/2020','dd/mm/yyyy'),-2, -22);
insert into calendario (id_calendario, fecha, armario_id_armario, atuendo_id_atuendo) values (-28, to_date('12/05/2020','dd/mm/yyyy'),-2, -23);
insert into calendario (id_calendario, fecha, armario_id_armario, atuendo_id_atuendo) values (-29, to_date('13/05/2020','dd/mm/yyyy'),-2, -24);
insert into calendario (id_calendario, fecha, armario_id_armario, atuendo_id_atuendo) values (-30, to_date('14/05/2020','dd/mm/yyyy'),-2, -25);
insert into calendario (id_calendario, fecha, armario_id_armario, atuendo_id_atuendo) values (-31, to_date('15/05/2020','dd/mm/yyyy'),-2, -26);
insert into calendario (id_calendario, fecha, armario_id_armario, atuendo_id_atuendo) values (-32, to_date('16/05/2020','dd/mm/yyyy'),-2, -27);
insert into calendario (id_calendario, fecha, armario_id_armario, atuendo_id_atuendo) values (-33, to_date('17/05/2020','dd/mm/yyyy'),-2, -28);
insert into calendario (id_calendario, fecha, armario_id_armario, atuendo_id_atuendo) values (-34, to_date('18/05/2020','dd/mm/yyyy'),-2, -29);
insert into calendario (id_calendario, fecha, armario_id_armario, atuendo_id_atuendo) values (-35, to_date('19/05/2020','dd/mm/yyyy'),-2, -30);
insert into calendario (id_calendario, fecha, armario_id_armario, atuendo_id_atuendo) values (-36, to_date('20/05/2020','dd/mm/yyyy'),-2, -31);
insert into calendario (id_calendario, fecha, armario_id_armario, atuendo_id_atuendo) values (-37, to_date('21/05/2020','dd/mm/yyyy'),-2, -32);
