insert into armario (id_armario, num_prendas) values (-1, 34);
insert into armario (id_armario, num_prendas) values (-2, 0);

insert into usuario (id_user, nombre, apellido, genero, correo, nickname, password, ciudad, celular, pregunta, respuesta, armario_id_armario) values (-1, 'Juan Camilo', 'Chafloque Mesia', 'Masculino', 'camilochafloque@gmail.com', 'Chafo', 'Chaflo123', 'Bogotá D.C', '3016581019', '¿Cuál es tu comida favorita?', 'Pizza', -1);
insert into usuario (id_user, nombre, apellido, genero, correo, nickname, password, ciudad, celular, pregunta, respuesta, armario_id_armario) values (-2, 'María', 'Rodriguez Gonzalez', 'Femenino', 'maria_rod@gmail.com', 'Mary', 'Mari123', 'Bogotá D.C', '3158281218', '¿Cuál es tu ciudad de nacimiento?', 'Cali', -2);

insert into prenda (id_prenda, seccion, tipo, formalidad, abrigo, color, favorito, disponible, descripcion, url, armario_id_armario) values (-1, 'Superior', 'Camiseta', 2, 2, 'Naranja', false, true, 'Camiseta naranja', '../../../assets/images/Chafo-1.jpg', -1);
insert into prenda (id_prenda, seccion, tipo, formalidad, abrigo, color, favorito, disponible, descripcion, url, armario_id_armario) values (-2, 'Superior', 'Camisa', 5, 4, 'Azul', true, true, 'Camisa Azul manga larga', '../../../assets/images/Chafo-2.jpg', -1);
insert into prenda (id_prenda, seccion, tipo, formalidad, abrigo, color, favorito, disponible, descripcion, url, armario_id_armario) values (-3, 'Superior', 'Camisa', 4, 2, 'Verde', false, true, 'Camisa verde manga corta', '../../../assets/images/Chafo-3.jpg', -1);
insert into prenda (id_prenda, seccion, tipo, formalidad, abrigo, color, favorito, disponible, descripcion, url, armario_id_armario) values (-4, 'Superior', 'Camiseta', 2, 2, 'Azul', false, true, 'Camiseta azul', '../../../assets/images/Chafo-4.jpg', -1);
insert into prenda (id_prenda, seccion, tipo, formalidad, abrigo, color, favorito, disponible, descripcion, url, armario_id_armario) values (-5, 'Superior', 'Camisa', 3, 2, 'Amarillo', true, true, 'Camisa amarilla manga corta', '../../../assets/images/Chafo-5.jpg', -1);
insert into prenda (id_prenda, seccion, tipo, formalidad, abrigo, color, favorito, disponible, descripcion, url, armario_id_armario) values (-6, 'Superior', 'Camiseta', 2, 2, 'Rojo', false, true, 'Camiseta roja', '../../../assets/images/Chafo-6.jpg', -1);
insert into prenda (id_prenda, seccion, tipo, formalidad, abrigo, color, favorito, disponible, descripcion, url, armario_id_armario) values (-7, 'Superior', 'Chaqueta', 2, 5, 'Naranja', true, true, 'Hoodie naranja', '../../../assets/images/Chafo-7.jpg', -1);
insert into prenda (id_prenda, seccion, tipo, formalidad, abrigo, color, favorito, disponible, descripcion, url, armario_id_armario) values (-8, 'Superior', 'Chaqueta', 3, 5, 'Gris', true, true, 'Chaqueta gris', '../../../assets/images/Chafo-8.jpg', -1);
insert into prenda (id_prenda, seccion, tipo, formalidad, abrigo, color, favorito, disponible, descripcion, url, armario_id_armario) values (-9, 'Inferior', 'Jeans', 3, 3, 'Azul', true, true, 'Jeans azules', '../../../assets/images/Chafo-9.jpg', -1);
insert into prenda (id_prenda, seccion, tipo, formalidad, abrigo, color, favorito, disponible, descripcion, url, armario_id_armario) values (-10, 'Inferior', 'Jeans', 3, 4, 'Gris', false, true, 'Jeans grises', '../../../assets/images/Chafo-10.jpg', -1);
insert into prenda (id_prenda, seccion, tipo, formalidad, abrigo, color, favorito, disponible, descripcion, url, armario_id_armario) values (-11, 'Inferior', 'Shorts', 2, 2, 'Beige', false, true, 'Shorts beige', '../../../assets/images/Chafo-11.jpg', -1);
insert into prenda (id_prenda, seccion, tipo, formalidad, abrigo, color, favorito, disponible, descripcion, url, armario_id_armario) values (-12, 'Inferior', 'Sudadera', 1, 4, 'Naranja', true, true, 'Pantalon sudadera naranja', '../../../assets/images/Chafo-12.jpg', -1);
insert into prenda (id_prenda, seccion, tipo, formalidad, abrigo, color, favorito, disponible, descripcion, url, armario_id_armario) values (-13, 'Zapato', 'Zapatos', 5, 4, 'Gris', true, true, 'Zapatos grises', '../../../assets/images/Chafo-13.jpg', -1);
insert into prenda (id_prenda, seccion, tipo, formalidad, abrigo, color, favorito, disponible, descripcion, url, armario_id_armario) values (-14, 'Zapato', 'Tenis', 2, 3, 'Gris', false, true, 'Tenis grises', '../../../assets/images/Chafo-14.jpg', -1);
insert into prenda (id_prenda, seccion, tipo, formalidad, abrigo, color, favorito, disponible, descripcion, url, armario_id_armario) values (-15, 'Accesorio', 'Guantes', 2, 5, 'Marrón', false, true, 'Guantes marrones', '../../../assets/images/Chafo-15.jpg', -1);
insert into prenda (id_prenda, seccion, tipo, formalidad, abrigo, color, favorito, disponible, descripcion, url, armario_id_armario) values (-16, 'Accesorio', 'Bufanda', 3, 5, 'Gris', true, true, 'Bufanda gris', '../../../assets/images/Chafo-16.jpg', -1);
insert into prenda (id_prenda, seccion, tipo, formalidad, abrigo, color, favorito, disponible, descripcion, url, armario_id_armario) values (-17, 'Inferior', 'Jeans', 4, 4, 'Beige', true, true, 'Jeans beige', '../../../assets/images/Chafo-17.jpg', -1);
insert into prenda (id_prenda, seccion, tipo, formalidad, abrigo, color, favorito, disponible, descripcion, url, armario_id_armario) values (-18, 'Inferior', 'Sudadera', 1, 3, 'Gris', true, true, 'Pantalon sudadera gris', '../../../assets/images/Chafo-18.jpg', -1);
insert into prenda (id_prenda, seccion, tipo, formalidad, abrigo, color, favorito, disponible, descripcion, url, armario_id_armario) values (-19, 'Inferior', 'Sudadera', 1, 3, 'Azul', false, true, 'Pantalon sudadera azul', '../../../assets/images/Chafo-19.jpg', -1);
insert into prenda (id_prenda, seccion, tipo, formalidad, abrigo, color, favorito, disponible, descripcion, url, armario_id_armario) values (-20, 'Inferior', 'Shorts', 1, 2, 'Azul', false, true, 'Jeans shorts', '../../../assets/images/Chafo-20.jpg', -1);
insert into prenda (id_prenda, seccion, tipo, formalidad, abrigo, color, favorito, disponible, descripcion, url, armario_id_armario) values (-21, 'Accesorio', 'Cachucha', 2, 3, 'Negro', false, true, 'Cachucha negra', '../../../assets/images/Chafo-21.jpg', -1);
insert into prenda (id_prenda, seccion, tipo, formalidad, abrigo, color, favorito, disponible, descripcion, url, armario_id_armario) values (-22, 'Accesorio', 'Cachucha', 2, 3, 'Azul', true, true, 'Cachucha azul', '../../../assets/images/Chafo-22.jpg', -1);
insert into prenda (id_prenda, seccion, tipo, formalidad, abrigo, color, favorito, disponible, descripcion, url, armario_id_armario) values (-23, 'Accesorio', 'Beanie', 1, 4, 'Gris', true, true, 'Beanie gris', '../../../assets/images/Chafo-23.jpg', -1);
insert into prenda (id_prenda, seccion, tipo, formalidad, abrigo, color, favorito, disponible, descripcion, url, armario_id_armario) values (-24, 'Accesorio', 'Beanie', 1, 4, 'Negro', false, true, 'Beanie negro', '../../../assets/images/Chafo-24.jpg', -1);
insert into prenda (id_prenda, seccion, tipo, formalidad, abrigo, color, favorito, disponible, descripcion, url, armario_id_armario) values (-25, 'Zapato', 'Tenis', 2, 2, 'Blanco', true, true, 'Tenis blancos', '../../../assets/images/Chafo-25.jpg', -1);
insert into prenda (id_prenda, seccion, tipo, formalidad, abrigo, color, favorito, disponible, descripcion, url, armario_id_armario) values (-26, 'Zapato', 'Zapatillas', 1, 2, 'Rojo', false, true, 'Zapatillas rojas', '../../../assets/images/Chafo-26.jpg', -1);
insert into prenda (id_prenda, seccion, tipo, formalidad, abrigo, color, favorito, disponible, descripcion, url, armario_id_armario) values (-27, 'Zapato', 'Zaptatos', 3, 2, 'Azul', true, true, 'Zapatos azules', '../../../assets/images/Chafo-27.jpg', -1);
insert into prenda (id_prenda, seccion, tipo, formalidad, abrigo, color, favorito, disponible, descripcion, url, armario_id_armario) values (-28, 'Zapato', 'Tenis', 2, 2, 'Negro', true, true, 'Tenis negros', '../../../assets/images/Chafo-28.jpg', -1);
insert into prenda (id_prenda, seccion, tipo, formalidad, abrigo, color, favorito, disponible, descripcion, url, armario_id_armario) values (-29, 'Accesorio', 'Cachucha', 2, 3, 'Blanco', false, true, 'Cachucha blanca', '../../../assets/images/Chafo-29.jpg', -1);
insert into prenda (id_prenda, seccion, tipo, formalidad, abrigo, color, favorito, disponible, descripcion, url, armario_id_armario) values (-30, 'Zapato', 'Zapatillas', 1, 2, 'Azul', false, true, 'Zapatillas azules', '../../../assets/images/Chafo-30.jpg', -1);
insert into prenda (id_prenda, seccion, tipo, formalidad, abrigo, color, favorito, disponible, descripcion, url, armario_id_armario) values (-31, 'Inferior', 'Jeans', 2, 3, 'Negro', false, true, 'Jeans negros', '../../../assets/images/Chafo-31.jpg', -1);
insert into prenda (id_prenda, seccion, tipo, formalidad, abrigo, color, favorito, disponible, descripcion, url, armario_id_armario) values (-32, 'Inferior', 'Sudadera', 1, 2, 'Negro', false, true, 'Sudadera negra', '../../../assets/images/Chafo-32.jpg', -1);
insert into prenda (id_prenda, seccion, tipo, formalidad, abrigo, color, favorito, disponible, descripcion, url, armario_id_armario) values (-33, 'Superior', 'Camisa', 4, 2, 'Blanco', false, true, 'Camisa blanca manga corta', '../../../assets/images/Chafo-33.jpg', -1);
insert into prenda (id_prenda, seccion, tipo, formalidad, abrigo, color, favorito, disponible, descripcion, url, armario_id_armario) values (-34, 'Superior', 'Chaqueta', 2, 5, 'Negro', true, true, 'Hoodie negro', '../../../assets/images/Chafo-34.jpg', -1);

insert into superior (id_prenda, cuello, manga) values (-1, 'Redondo', 'Manga corta');
insert into superior (id_prenda, cuello, manga) values (-2, 'Cuello', 'Manga larga');
insert into superior (id_prenda, cuello, manga) values (-3, 'Cuello', 'Manga corta');
insert into superior (id_prenda, cuello, manga) values (-4, 'Redondo', 'Manga corta');
insert into superior (id_prenda, cuello, manga) values (-5, 'Cuello', 'Manga corta');
insert into superior (id_prenda, cuello, manga) values (-6, 'Redondo', 'Manga corta');
insert into superior (id_prenda, cuello, manga) values (-7, 'Redondo', 'Manga larga');
insert into superior (id_prenda, cuello, manga) values (-8, 'Redondo', 'Manga larga');
insert into inferior (id_prenda, bota) values (-9, 'Entubado');
insert into inferior (id_prenda, bota) values (-10, 'Entubado');
insert into inferior (id_prenda, bota) values (-11, 'Entubado');
insert into inferior (id_prenda, bota) values (-12, 'Entubado');
insert into zapato (id_prenda, forma) values (-13, 'Punta');
insert into zapato (id_prenda, forma) values (-14, 'Redonda');
insert into accesorio (id_prenda) values (-15);
insert into accesorio (id_prenda) values (-16);
insert into inferior (id_prenda, bota) values (-17, 'Entubado');
insert into inferior (id_prenda, bota) values (-18, 'Entubado');
insert into inferior (id_prenda, bota) values (-19, 'Entubado');
insert into inferior (id_prenda, bota) values (-20, 'Entubado');
insert into accesorio (id_prenda) values (-21);
insert into accesorio (id_prenda) values (-22);
insert into accesorio (id_prenda) values (-23);
insert into accesorio (id_prenda) values (-24);
insert into zapato (id_prenda, forma) values (-25, 'Redonda');
insert into zapato (id_prenda, forma) values (-26, 'Redonda');
insert into zapato (id_prenda, forma) values (-27, 'Redonda');
insert into zapato (id_prenda, forma) values (-28, 'Redonda');
insert into accesorio (id_prenda) values (-29);
insert into zapato (id_prenda, forma) values (-30, 'Redonda');
insert into inferior (id_prenda, bota) values (-31, 'Entubado');
insert into inferior (id_prenda, bota) values (-32, 'Entubado');
insert into superior (id_prenda, cuello, manga) values (-33, 'Cuello', 'Manga corta');
insert into superior (id_prenda, cuello, manga) values (-34, 'Redondo', 'Manga larga');

insert into atuendo (id_atuendo, favorito, armario_id_armario) values (-1, false, -1);
insert into atuendo (id_atuendo, favorito, armario_id_armario) values (-2, true, -1);

insert into atuendoxprenda (id_atuendo_id_atuendo, id_prenda_id_prenda) values (-1, -1);
insert into atuendoxprenda (id_atuendo_id_atuendo, id_prenda_id_prenda) values (-1, -9);
insert into atuendoxprenda (id_atuendo_id_atuendo, id_prenda_id_prenda) values (-1, -26);
insert into atuendoxprenda (id_atuendo_id_atuendo, id_prenda_id_prenda) values (-1, -29);
insert into atuendoxprenda (id_atuendo_id_atuendo, id_prenda_id_prenda) values (-2, -6);
insert into atuendoxprenda (id_atuendo_id_atuendo, id_prenda_id_prenda) values (-2, -31);
insert into atuendoxprenda (id_atuendo_id_atuendo, id_prenda_id_prenda) values (-2, -30);
insert into atuendoxprenda (id_atuendo_id_atuendo, id_prenda_id_prenda) values (-2, -23);